Question,Asked At,Answered At,Why is this important?,Rationale/Source,Financial,Governance,Steward,Data Owner,Consumer,App/AI Builder,Privacy Officer,Community,Data Expert,Security,Architecture,Systems Administration
Is this repository actively maintained?,Scouting,Scouting,I don't want to start using something that is a dead-end burden.,"Recency/frequency signal — last-pushed date, commit cadence — answerable from GitHub API metadata alone (RE's HealthSurveyor), no zipball needed.",,,X,,X,,,,X,,,
What does this repository do?,Scouting,Scouting,Need to understand it to use it appropriately.,"Purpose/description — from the repo's own GitHub description field, no deeper analysis required.",,,,,X,,,,X,,X,
Who maintains this repository?,Scouting,Scouting,Are they reputable?,"Ownership/contact signal — org, top contributors — from GitHub API metadata, relevant before any deeper trust assessment.",,,X,X,,,,,,X,,
How widely adopted and active is the community around this repository?,Scouting,Scouting,"Reduces adoption risk, provides a health proxy, and ensures community support and responsiveness.","Stars/forks/contributor-count and issue/PR responsiveness as an adoption/health proxy — cheap GitHub API signal, not a quality judgment on its own.",,,,,X,,,X,,,,
Has this repository already been catalogued in Egeria and when?,Scouting,Scouting,Has someone already done this analysis? What did they learn?,"""Known inventory"" check — is there already a SourceControlLibrary asset for this repo, independent of whether it's registered in Resource Explorer's own local registry. Ties to the Scouting ""shop for data"" search work.",,X,X,,,,,,,,,
Are there outstanding CVEs?,Scouting,Analysis,Understand the risk.,"No CVE/dependency-vulnerability scan exists in RE today — real gap; candidate tools: OSV, Dependency-Track, Snyk, Trivy.",,X,,,,,,,,X,,
Is there any existing use within our organization?,Scouting,Scouting,"Other experts, reduces risk if successful. Dependencies already in place, etc.","Answerable locally from RE's own registry (cross-reference against already-registered repos/groups) — no external API needed.",,,,,X,X,X,X,X,X,X,X
Any known feedback?,Scouting,Curate,"Other experts, reduces risk if positive.",RE's Curate intent already holds resource_feedback for cataloged resources.,,,,,X,X,,X,X,X,X,X
Does it replace or extend something we already have?,Scouting,Scouting,Duplication can be costly - needs to be factored in.,"Answerable locally from RE's own registry/groups, same as ""existing use within our organization.""",X,,,,,,,,X,,X,
What are similar repos/projects? How does this differ?,Scouting,Analysis,Helping me choose.,"Needs similarity search over content (RAG/embeddings) — real gap, not built.",,,,,,,,X,,X,,X
Are there any restrictions for use?,Scouting,Scouting,Is this appropriate?,"License field is cheaply available from the GitHub API — deeper copyleft-risk categorization is Assessment-tier (see the license-specifics row below).",,,,,,,,,,X,X,X
What dependencies does this require?,Scouting,Analysis,Influences deployment cost and exposes additional transitive risks.,"DependencySurveyor exists (Analysis-tier) — dependency list per ecosystem.",,,,,X,,,,X,X,,X
Do we already support these dependencies?,Scouting,Enrichment,Reduces risk.,"Needs the org's own tech inventory — human-supplied cross-reference, not resource-derivable.",,,,,,,,,,X,X,X
What deployment styles does this support?,Scouting,Analysis,Need to understand if we can deploy it?,"Needs content read (Dockerfile, deployment docs) — RAG-tier, real gap.",,,,,,,,,,X,X,X
Do we know what the cost to run it is?,Scouting,Enrichment,Cost is part of the decision process.,Human-supplied/derived — not resource-derivable.,X,,,,,,,,,,,X
Is there a validation / deployment test for it?,Scouting,Assessment,How do we know if it is working properly once deployed?,"SecurityHygieneSurveyor already checks CI config presence — partial fit; a real deployment-test check is a gap.",,,,,,,,,,X,,X
What is the upgrade process?,Scouting,Analysis,Is it deployable and maintainable? Are upgrades disruptive?,"Needs content read (CHANGELOG, release notes) — RAG-tier, real gap.",,,,,X,,,,X,,X,X
Does it fit into our monitoring infrastructure?,Scouting,Enrichment,"Cost, Skills and manageability.",Org-internal cross-reference — human-supplied.,,,,X,X,,,,,,X,X
Does it fit into our security infrastructure?,Scouting,Enrichment,Will it be allowed in? What are the risks?,"Org-internal cross-reference, informed by Assessment's security findings.",X,,,X,X,X,,,,X,X,X
Is there any reliability or availability aspects?,Scouting,Understanding,Is it production ready?,"Trend/uptime signal, if available — Understanding-tier chart, or Analysis if content-derived (SLA docs).",,,,,,,,,,X,X,X
What kinds of integrations does it support?,Scouting,Analysis,Can we connect it to our ecosystem?,"Needs content read (API docs, integration guides) — RAG-tier, real gap.",,,,,X,,,,X,X,X,X
Does this fit within or need to extend our existing infrastructure estate?,Scouting,Enrichment,Impact on existing architecture and operations.,Org-internal cross-reference — human-supplied.,,,,,X,,,,,X,X,X
How mature is it?,Scouting,Understanding,Stability vs innovation trade-off.,"Age/release-cadence trend — chart-derivable from existing project_stats history.",,,,,,,,X,X,,X,X
Do we have the skills to support its use?,Scouting,Enrichment,Operational readiness and skill gaps.,"Purely human-supplied — never resource-derivable.",,,,,,,,,,X,X,X
How well documented is it?,Scouting,Assessment,Ease of adoption and maintenance.,"DocumentationSurveyor already exists (Assessment-tier) — README/CHANGELOG/CONTRIBUTING presence + quality label. Direct existing match.",,,,,X,,,X,X,,X,X
How is it supported?,Scouting,Analysis,Enterprise fallback and support options.,"Mixed: community responsiveness (Scouting-cheap) + documentation quality (Assessment) + any formal support docs (Analysis/RAG).",X,,,,X,,,,X,,X,X
"Is there a current, published, security analysis?",Scouting,Analysis,Third-party audit and security posture.,"SecurityHygieneSurveyor covers SECURITY.md/CI/LICENSE presence (Assessment) — a real CVE/OpenSSF-Scorecard-style deep scan is Analysis-tier, real gap.",,X,,,,,,,,X,X,X
Does it fit into our governance frameworks?,Scouting,Enrichment,Compliance and regulatory alignment.,"Org policy cross-reference (human-supplied), plus Curate's zone/catalog membership once published.",,X,,,,,,,,X,X,X
"What explicit license does the repository use, and are there non-standard or copyleft terms?",Scouting,Assessment,"Identifies strict copyleft (GPL/AGPL), source-available shifts (BSL/SSPL), or dual-licensing risks before code integration.","GitHub API license field gives the SPDX id cheaply (Scouting); copyleft-risk categorization needs a license-classification step — candidate tools: FOSSology, LicenseFinder, Mend, Black Duck.",X,,,X,,X,,,,X,,
Is intellectual property (IP) provenance managed via CLA or DCO?,Scouting,Analysis,Protects the organization from copyright infringement claims from unauthorized third-party contributions.,"Needs content read (CONTRIBUTING.md, CLA-bot config) — RAG-tier, real gap.",,,,,,,,,,X,,
"Does the software contain telemetry, phone-home mechanisms, or external metrics tracking?",Scouting,Analysis,"Prevents unauthorized leakage of internal network metadata, system details, or usage patterns.","Needs code-content scan — real gap, no RE surveyor for this today.",,,,,,,X,,,X,X,X
"For AI/ML assets, what licensing or usage constraints apply to models, weights, or datasets?",Scouting,Analysis,"Open-source software licenses (e.g., Apache 2.0) often differ from model weights (e.g., OpenRAIL, Llama) or training data constraints.","Needs model-card/dataset-file detection — real gap, AI Governance tooling category.",,X,,,,X,X,,X,,,
"How does the repository handle secrets, credentials, and sensitive configurations?",Scouting,Analysis,Prevents hardcoded secrets or unencrypted credential passing in containerized and automated deployment environments.,"Secret-scanning — real gap, no RE surveyor today; common OSPO/DevSecOps tool category.",,,,,,,,,,X,X,X
